timestamp,log,run,first_day,last_day,ai,lar,caps_rule,schism,ccw_war,trl_war,kingdom,grand_ritual_end,final_ritual_end,ncr_war,ncr_gone,a_justify_ccw,b_war_order,c_kingdom,d_books,e_ritual_peace,f_holds,g_cult_target,h_no_subjects,i_market,j_ritual_gates,k_dis_path,north,ncr_capitulated,l_north_first,m_pockets,n_ncr_cult,o_castro,p_army_size,q_offerings
20260915-164537,C:\Users\jonat\Documents\Paradox Interactive\Hearts of Iron IV\logs\game.log,1,1,577,yes,yes,yes,yes,,,,,,,,FAIL,N/A,N/A,N/A,N/A,PASS,N/A,PASS,N/A,N/A,PASS,,,,,,,,
20260916-162838,C:\Users\jonat\Documents\Paradox Interactive\Hearts of Iron IV\logs\game.log,1,1,3923,yes,yes,yes,yes,,630,1134,1505,2170,1729,,FAIL,PASS,PASS,PASS,PASS,PASS,PASS,PASS,PASS,N/A,PASS,,,,,,,,
20260917-175943,C:\Users\jonat\Documents\Paradox Interactive\Hearts of Iron IV\logs\game.log,1,1,2433,yes,yes,yes,yes,,630,686,1085,2121,,,FAIL,PASS,PASS,PASS,FAIL,PASS,PASS,PASS,FAIL,N/A,PASS,,,N/A,PASS,N/A,FAIL,FAIL,PASS
20260917-192038,C:\Users\jonat\Documents\Paradox Interactive\Hearts of Iron IV\logs\game.log,1,1,1596,yes,yes,yes,yes,,630,833,,,,,FAIL,PASS,PASS,FAIL,N/A,PASS,PASS,PASS,FAIL,N/A,PASS,,,N/A,PASS,N/A,FAIL,FAIL,N/A
20260917-192643,C:\Users\jonat\Documents\Paradox Interactive\Hearts of Iron IV\logs\game.log,1,1,1596,yes,yes,yes,yes,,630,833,,,,,FAIL,PASS,PASS,FAIL,N/A,PASS,PASS,PASS,FAIL,N/A,PASS,,,N/A,PASS,N/A,FAIL,FAIL,N/A
20260917-201112,C:\Users\jonat\Documents\Paradox Interactive\Hearts of Iron IV\logs\game.log,1,1,881,yes,yes,yes,yes,,,,,,,,FAIL,N/A,FAIL,N/A,N/A,PASS,N/A,PASS,N/A,N/A,FAIL,,,N/A,PASS,N/A,N/A,FAIL,N/A
20260917-212152,C:\Users\jonat\Documents\Paradox Interactive\Hearts of Iron IV\logs\game.log,1,1,2009,yes,yes,yes,yes,,791,1043,,,,,FAIL,FAIL,PASS,FAIL,N/A,PASS,PASS,PASS,FAIL,N/A,PASS,,,N/A,PASS,N/A,FAIL,PASS,N/A
20260917-212246,C:\Users\jonat\Documents\Paradox Interactive\Hearts of Iron IV\logs\game.log,1,1,2009,yes,yes,yes,yes,,791,1043,,,,,FAIL,FAIL,PASS,FAIL,N/A,PASS,PASS,PASS,FAIL,N/A,PASS,,,N/A,PASS,N/A,FAIL,PASS,N/A
20260918-170847,C:\Users\jonat\Documents\Paradox Interactive\Hearts of Iron IV\logs\game.log,1,1,3101,yes,yes,yes,yes,,630,1015,1526,2366,,2247,FAIL,PASS,PASS,PASS,PASS,PASS,PASS,PASS,FAIL,PASS,PASS,,,N/A,PASS,N/A,FAIL,FAIL,PASS
